Name,Country,Coordinates
Granville South,US,"(40.052071, -82.541656)"
K. I. Sawyer Air Force Base,US,"(46.346512, -87.386322)"
Legend Lake,US,"(44.890949, -88.54406)"
Level Park-Oak Park,US,"(42.364182, -85.266502)"
Manitou Beach-Devils Lake,US,"(41.975651, -84.286163)"
Minot Air Force Base,US,"(48.420872, -101.339142)"
Montrose-Ghent,US,"(41.153801, -81.643784)"
North Spearfish,US,"(44.512218, -103.893898)"
Offutt Air Force Base,US,"(41.120239, -95.920952)"
Scott Air Force Base,US,"(38.542702, -89.850349)"
Shorewood-Tower Hills-Harbert,US,"(41.881691, -86.61409)"
Barnes Lake-Millers Lake,US,"(43.179562, -83.312302)"
Champion Heights,US,"(41.289989, -80.845947)"
Comstock Northwest,US,"(42.321819, -85.517593)"
Whiteman Air Force Base,US,"(38.730179, -93.558952)"
Wright-Patterson AFB,US,"(39.811131, -84.057312)"
Dade City North,US,"(28.383341, -82.193901)"
De Land Southwest,US,"(29.0077, -81.311287)"
East Bronson,US,"(29.45928, -82.590401)"
Eglin Air Force Base,US,"(30.45907, -86.550262)"
Fort Knox,US,"(37.891129, -85.963631)"
Fort Pierce North,US,"(27.47364, -80.359299)"
Fort Pierce South,US,"(27.40962, -80.354843)"
Fort Polk North,US,"(31.10302, -93.179131)"
Fort Polk South,US,"(31.0511, -93.215782)"
Fort Rucker,US,"(31.342819, -85.715378)"
Fort Stewart,US,"(31.872169, -81.610008)"
Hutchinson Island South,US,"(27.29949, -80.220451)"
Inverness Highlands North,US,"(28.864201, -82.376877)"
Inverness Highlands South,US,"(28.80055, -82.337097)"
Bellair-Meadowbrook Terrace,US,"(30.17881, -81.743408)"
Cocoa West,US,"(28.359421, -80.771088)"
Columbus Air Force Base,US,"(33.641521, -88.450638)"
Samsula-Spruce Creek,US,"(29.04932, -81.06192)"
Selmont-West Selmont,US,"(32.378429, -87.007401)"
Slater-Marietta,US,"(35.034721, -82.492653)"
Southeast Arcadia,US,"(27.186291, -81.852097)"
Underwood-Petersville,US,"(34.876949, -87.697166)"
Watts Mills,US,"(34.516411, -81.985802)"
West End-Cobb Town,US,"(33.6525, -85.874199)"
Zephyrhills North,US,"(28.25172, -82.165573)"
Zephyrhills South,US,"(28.21492, -82.188728)"
Zephyrhills West,US,"(28.23081, -82.205559)"
Kings Bay Base,US,"(30.79932, -81.564232)"
Lake Mack-Forest Hills,US,"(29.00074, -81.423973)"
Lake Murray of Richland,US,"(34.12048, -81.264503)"
Lake Norman of Catawba,US,"(35.580429, -81.016541)"
Meridian Station,US,"(32.550491, -88.618492)"
Monarch Mill,US,"(34.716099, -81.584999)"
Nassau Village-Ratliff,US,"(30.51111, -81.80925)"
New Port Richey East,US,"(28.260269, -82.692612)"
North Weeki Wachee,US,"(28.55014, -82.558884)"
Oak Grove,US,"(33.9809, -81.14286)"
Robins Air Force Base,US,"(32.609112, -83.584442)"
Clarkston Heights-Vineland,US,"(46.387421, -117.083)"
Air Force Academy,US,"(38.994251, -104.863747)"
Alamosa East,US,"(37.477348, -105.842171)"
Antelope Valley-Crestview,US,"(44.22488, -105.474091)"
Aptos Hills-Larkin Valley,US,"(36.96064, -121.834038)"
Ault Field,US,"(48.33812, -122.674408)"
Bangor Trident Base,US,"(47.72274, -122.714462)"
Beale Air Force Base,US,"(39.109169, -121.354439)"
Bertsch-Oceanview,US,"(41.752499, -124.158752)"
Village of Oak Creek (Big Park),US,"(34.780899, -111.762268)"
Black Point-Green Point,US,"(38.115471, -122.513184)"
Bonadelle Ranchos-Madera Ranchos,US,"(36.984669, -119.874634)"
Bonner-West Riverside,US,"(46.87669, -113.88678)"
Bret Harte,US,"(37.60207, -121.005188)"
Camp Pendleton North,US,"(33.314651, -117.316032)"
Camp Pendleton South,US,"(33.228439, -117.379288)"
Cannon Air Force Base,US,"(34.386581, -103.317734)"
Cascade-Chipita Park,US,"(38.943539, -105.002373)"
Central Heights-Midland City,US,"(33.403721, -110.815407)"
Challenge-Brownsville,US,"(39.46447, -121.263382)"
Edwards Air Force Base,US,"(34.904491, -117.929451)"
Erlands Point-Kitsap Lake,US,"(47.597191, -122.702248)"
Fairchild Air Force Base,US,"(47.61879, -117.648262)"
Lucas Valley-Marinwood,US,"(38.040112, -122.5755)"
Maple Heights-Lake Desire,US,"(47.44413, -122.097359)"
March Air Force Base,US,"(33.89209, -117.2631)"
Fetters Hot Springs-Agua Caliente,US,"(38.3214, -122.486816)"
Fort Bliss,US,"(31.81357, -106.412239)"
Fort Lewis,US,"(47.107868, -122.576942)"
Fox Farm-College,US,"(41.11203, -104.785461)"
Garden Home-Whitford,US,"(45.464001, -122.758911)"
Gunbarrel,US,"(40.063351, -105.171066)"
Heber-Overgaard,US,"(34.414139, -110.569557)"
Helena Valley Northeast,US,"(46.698818, -111.952072)"
Helena Valley Northwest,US,"(46.728939, -112.062752)"
Helena Valley Southeast,US,"(46.615269, -111.921562)"
Helena Valley West Central,US,"(46.66291, -112.06044)"
Helena West Side,US,"(46.596722, -112.113037)"
Highlands-Baywood Park,US,"(37.52272, -122.345062)"
Hilmar-Irwin,US,"(37.404541, -120.850418)"
Idyllwild-Pine Cove,US,"(33.744289, -116.725868)"
Lagunitas-Forest Knolls,US,"(38.017929, -122.691238)"
Lake Marcel-Stillwater,US,"(47.692631, -121.915131)"
Lake Morton-Berrydale,US,"(47.332512, -122.102859)"
Lakeland North,US,"(47.333431, -122.276947)"
Lakeland South,US,"(47.278431, -122.283257)"
Larkfield-Wikiup,US,"(38.51342, -122.750938)"
Leadville North,US,"(39.257599, -106.301376)"
LeChee,US,"(36.87101, -111.43277)"
Lemoore Station,US,"(36.26326, -119.904762)"
Dixon Lane-Meadow Creek,US,"(37.386391, -118.415268)"
Sierra Vista Southeast,US,"(31.45385, -110.21637)"
Skyline-Ganipa,US,"(35.032791, -107.61396)"
Smith Valley,US,"(38.78421, -119.344254)"
South Wenatchee,US,"(47.390121, -120.289581)"
New Kingman-Butler,US,"(35.265041, -114.032257)"
North Lakeport,US,"(39.08831, -122.90538)"
Oatfield,US,"(45.414181, -122.600067)"
Ohkay Owingeh,US,"(36.050819, -106.06897)"
Oroville East,US,"(39.511261, -121.475189)"
Otis Orchards-East Farms,US,"(47.709881, -117.07975)"
Poplar-Cotton Center,US,"(36.056351, -119.149193)"
Port Angeles East,US,"(48.10667, -123.371719)"
Port Hadlock-Irondale,US,"(48.03273, -122.785294)"
Roseburg North,US,"(43.264519, -123.303307)"
Tsaile,US,"(36.303299, -109.21566)"
Vandenberg Air Force Base,US,"(34.748299, -120.518173)"
View Park-Windsor Hills,US,"(33.99551, -118.348351)"
Walla Walla East,US,"(46.051842, -118.304031)"
Warren Air Force Base,US,"(41.149269, -104.86216)"
West Clarkston-Highland,US,"(46.40287, -117.06395)"
West Haven-Sylvan,US,"(45.516129, -122.768089)"
West Modesto,US,"(37.617538, -121.039139)"
West Pleasant View,US,"(39.732559, -105.17852)"
West Side Highway,US,"(46.18399, -122.917152)"
Westhaven-Moonstone,US,"(41.044891, -124.102386)"
Yosemite Valley,US,"(37.740749, -119.577881)"
Sunnyside-Tahoe City,US,"(39.15023, -120.161201)"
Taft Mosswood,US,"(37.913849, -121.283157)"
Tamalpais-Homestead Valley,US,"(37.878342, -122.536247)"
Tanglewilde-Thompson Place,US,"(47.051159, -122.780807)"
Haiku-Pauwela,US,"(20.921869, -156.305084)"
Hickam Housing,US,"(21.33798, -157.958786)"
Honaunau-Napoopoo,US,"(19.45627, -155.864655)"
Kahaluu-Keauhou,US,"(19.57181, -155.961716)"
Kaneohe Station,US,"(21.445311, -157.751328)"
Napili-Honokowai,US,"(20.970751, -156.670456)"
Royal Kunia,US,"(21.393921, -158.026703)"
Waihee-Waiehu,US,"(20.92494, -156.507584)"
Wailua Homesteads,US,"(22.066931, -159.378021)"
Wheeler Air Force Base,US,"(21.47546, -158.035156)"
Deltana,US,"(63.872169, -145.217728)"
Eielson Air Force Base,US,"(64.663269, -147.054413)"
Farm Loop,US,"(61.638908, -149.142151)"
Knik-Fairview,US,"(61.512619, -149.600113)"
Kodiak Station,US,"(57.765869, -152.600037)"
Lakes,US,"(61.607121, -149.308609)"
Salcha,US,"(64.523987, -146.9021)"
Sutton-Alpine,US,"(61.796261, -148.85051)"
Y,US,"(62.161289, -149.850754)"
Lyme Town Offices,US,"(43.81525, -72.149422)"
Shorewood Forest,US,"(41.46315, -87.144722)"
Woodlake,US,"(37.421059, -77.679314)"
Cordry Sweetwater Lakes,US,"(39.304642, -86.11837)"
Doe Valley,US,"(37.95665, -86.116531)"
Oak Cliff Place,US,"(29.92712, -95.626717)"
West Greenwich,US,"(41.637001, -71.660042)"
Villa Sara,UY,"(-33.26667, -54.416672)"
Villa del Carmen,UY,"(-33.25, -56.01667)"
Vichadero,UY,"(-31.799999, -54.716671)"
Vergara,UY,"(-32.933331, -53.950001)"
Velazquez,UY,"(-34.033329, -54.283329)"
Veinticinco de Mayo,UY,"(-34.189171, -56.339439)"
Veinticinco de Agosto,UY,"(-34.411671, -56.402222)"
Tupambae,UY,"(-32.833328, -54.76667)"
Trinidad,UY,"(-33.516499, -56.89957)"
Tranqueras,UY,"(-31.200001, -55.75)"
Tomas Gomensoro,UY,"(-30.42737, -57.436119)"
Toledo,UY,"(-34.742222, -56.098331)"
Tarariras,UY,"(-34.283329, -57.616669)"
Soriano,UY,"(-33.400002, -58.316669)"
Soca,UY,"(-34.683331, -55.683331)"
Sarandi Grande,UY,"(-33.73333, -56.333328)"
Sarandi del Yi,UY,"(-33.349998, -55.633331)"
Santiago Vazquez,UY,"(-34.790279, -56.349998)"
Santa Rosa,UY,"(-34.497501, -56.03722)"
Santa Clara de Olimar,UY,"(-32.916672, -54.966671)"
Santa Catalina,UY,"(-33.75, -57.48333)"
San Ramon,UY,"(-34.299999, -55.966671)"
San Javier,UY,"(-32.683331, -58.133331)"
San Jacinto,UY,"(-34.549999, -55.883331)"
San Felix,UY,"(-32.333328, -58.133331)"
San Antonio,UY,"(-34.449718, -56.07917)"
Rosario,UY,"(-34.316669, -57.349998)"
Rodriguez,UY,"(-34.382778, -56.541672)"
Rafael Perazza,UY,"(-34.519718, -56.798889)"
Punta del Este,UY,"(-34.966671, -54.950001)"
Porvenir,UY,"(-32.366669, -57.849998)"
Piriapolis,UY,"(-34.868191, -55.274361)"
Piedras Coloradas,UY,"(-32.383331, -57.599998)"
Palmitas,UY,"(-33.507191, -57.800789)"
Nuevo Berlin,UY,"(-32.98333, -58.049999)"
Nueva Palmira,UY,"(-33.883331, -58.416672)"
Nueva Helvecia,UY,"(-34.299999, -57.23333)"
Montes,UY,"(-34.5, -55.583328)"
Minas de Corrales,UY,"(-31.58333, -55.466671)"
Migues,UY,"(-34.48333, -55.650002)"
Mariscala,UY,"(-34.040852, -54.777321)"
Los Cerrillos,UY,"(-34.605, -56.356392)"
Libertad,UY,"(-34.633331, -56.619171)"
Las Piedras,UY,"(-30.262039, -57.581741)"
La Floresta,UY,"(-34.755718, -55.681412)"
Juan L. Lacaze,UY,"(-34.433331, -57.416672)"
Jose Pedro Varela,UY,"(-33.450001, -54.533329)"
Joaquin Suarez,UY,"(-34.733608, -56.036671)"
Joanico,UY,"(-34.589439, -56.252781)"
Isidoro Noblia,UY,"(-31.83333, -54.166672)"
Ecilda Paullier,UY,"(-34.366669, -57.066669)"
Dieciocho de Julio,UY,"(-33.683331, -53.549999)"
Curtina,UY,"(-32.150002, -56.116669)"
Constitucion,UY,"(-31.08333, -57.833328)"
Chuy,UY,"(-33.697071, -53.46162)"
Cerro Colorado,UY,"(-33.866669, -55.549999)"
Cebollati,UY,"(-33.26667, -53.783329)"
Casupa,UY,"(-34.033329, -55.650002)"
Castillos,UY,"(-34.166672, -53.833328)"
Carlos Reyles,UY,"(-33.01667, -56.48333)"
Cardal,UY,"(-34.290562, -56.388889)"
Blanquillo,UY,"(-32.76667, -55.633331)"
Bella Union,UY,"(-30.275221, -57.6007)"
Belen,UY,"(-30.783331, -57.783329)"
Baltasar Brum,UY,"(-30.71294, -57.327278)"
Aigua,UY,"(-34.200001, -54.75)"
Aguas Corrientes,UY,"(-34.521938, -56.393608)"
Acegua,UY,"(-31.866671, -54.200001)"
Puntas de Valdez,UY,"(-34.583889, -56.69944)"
Colonia Nicolich,UY,"(-34.813061, -56.04472)"
Barra de Carrasco,UY,"(-34.87722, -56.02972)"
Pajas Blancas,UY,"(-34.80167, -56.334171)"
Muynoq,UZ,"(43.76833, 59.021389)"
Qanlikol,UZ,"(42.8395, 59.000931)"
Kegeyli Shahar,UZ,"(42.776669, 59.60778)"
Qozonketkan,UZ,"(43.01907, 59.36425)"
Oqmangit,UZ,"(42.598888, 59.534439)"
Qongirot Shahri,UZ,"(43.052071, 58.845959)"
Xojayli Shahri,UZ,"(42.40881, 59.445438)"
Chimboy Shahri,UZ,"(42.92952, 59.78199)"
Moynoq Shahri,UZ,"(43.77877, 59.030392)"
Shumanay Shahri,UZ,"(42.634331, 58.930599)"
Nishon Tumani,UZ,"(38.693951, 65.675117)"
Muglon Shahar,UZ,"(38.918781, 65.41217)"
Shohimardon,UZ,"(39.983891, 71.80278)"
Romiton,UZ,"(39.92944, 64.37944)"
Yangi Mirishkor,UZ,"(38.851429, 65.277893)"
Qorovulbozor,UZ,"(39.500561, 64.79361)"
Ishtixon,UZ,"(39.966389, 66.486107)"
Jomboy,UZ,"(39.698891, 67.09333)"
Daxbet,UZ,"(39.763889, 66.912498)"
Charxin,UZ,"(39.696671, 66.768608)"
Olot,UZ,"(39.415001, 63.803329)"
Qorovulbozor Shahri,UZ,"(39.503078, 64.811417)"
Qorashina,UZ,"(38.34185, 66.563423)"
Shahrisabz Shahri,UZ,"(39.052059, 66.820831)"
Koson Shahri,UZ,"(39.04472, 65.59082)"
Muborak Shahri,UZ,"(39.257778, 65.156738)"
Beshkent Shahri,UZ,"(38.811069, 65.642464)"
Guzor Shahri,UZ,"(38.625961, 66.245148)"
Qamashi Shahri,UZ,"(38.819981, 66.464409)"
Chiroqchi Shahri,UZ,"(39.027271, 66.580841)"
Yakkabog Shahri,UZ,"(38.976639, 66.688667)"
Yangi-Nishon Shahri,UZ,"(38.645012, 65.689522)"
Urtaowul,UZ,"(41.186668, 69.145279)"
Tomdibuloq,UZ,"(41.750801, 64.617111)"
Taxtakopir,UZ,"(43.011711, 60.301109)"
Marhamat,UZ,"(40.48048, 72.313881)"
Qiziltepa,UZ,"(40.033058, 64.849998)"
Komsomolskiy,UZ,"(40.427219, 71.718887)"
Hamza,UZ,"(40.426392, 71.49556)"
Qoraozak,UZ,"(43.022072, 60.01701)"
Konimex,UZ,"(40.275928, 65.145111)"
Gazli,UZ,"(40.133331, 63.450001)"
Amir Timur,UZ,"(41.01944, 68.940826)"
Kyzyldzhar,UZ,"(41.566669, 70.01667)"
Beshrabot,UZ,"(40.197609, 65.335281)"
Beruniy Shahri,UZ,"(41.699039, 60.755009)"
Tortkol Shahri,UZ,"(41.560551, 61.001801)"
Boston Shahri,UZ,"(41.846069, 60.947441)"
Mangit Shahri,UZ,"(42.12215, 60.062759)"
Navoiy Shahri,UZ,"(40.092941, 65.371201)"
Uchquduq Shahri,UZ,"(42.150009, 63.552212)"
Qiziltepa Shahri,UZ,"(40.025398, 64.82885)"
Nurota Shahri,UZ,"(40.567619, 65.679466)"
Namangan Shahri,UZ,"(40.994259, 71.660919)"
Kosonsoy Shahri,UZ,"(41.263271, 71.542389)"
Chortoq Shahri,UZ,"(41.07703, 71.817719)"
Haqqulobod Shahri,UZ,"(40.91634, 72.120583)"
Pop Shahri,UZ,"(40.876419, 71.102203)"
Turagurghon Shahri,UZ,"(41.003342, 71.510559)"
Port Elizabeth,VC,"(13.01667, -61.23333)"
Georgetown,VC,"(13.2879, -61.130199)"
Byera Village,VC,"(13.25, -61.116669)"
Biabou,VC,"(13.2, -61.133331)"
Barrouallie,VC,"(13.23333, -61.26667)"
Tocuyito,VE,"(10.10861, -68.0793)"
El Chaparro,VE,"(9.15177, -65.016876)"
Santa Cruz de Guacas,VE,"(7.44329, -71.301399)"
El Real,VE,"(8.43525, -69.99633)"
Puerto Vivas,VE,"(7.50005, -71.84446)"
La Mula,VE,"(8.57084, -70.375237)"
Los Guasimitos,VE,"(8.66435, -70.232162)"
Zea,VE,"(8.37628, -71.781853)"
Yumare,VE,"(10.59732, -68.672447)"
Yaracal,VE,"(10.97099, -68.54435)"
Yaguaraparo,VE,"(10.56916, -62.826931)"
Las Casitas del Vegon de Nutrias,VE,"(8.23704, -69.418297)"
Valle de Guanape,VE,"(9.90999, -65.674049)"
Urumaco,VE,"(11.19913, -70.25499)"
Urachiche,VE,"(10.15917, -69.011108)"
Umuquena,VE,"(8.26588, -72.063713)"
Tucupido,VE,"(9.27496, -65.77153)"
Tucani,VE,"(8.97003, -71.272774)"
Tovar,VE,"(8.33204, -71.751183)"
Torunos,VE,"(8.50016, -70.080559)"
Torondoy,VE,"(9.03115, -71.014061)"
Tocopero,VE,"(11.49897, -69.258919)"
Timotes,VE,"(8.98224, -70.739258)"
Tia Juana,VE,"(10.25838, -71.368652)"
Tabay,VE,"(8.6311, -71.07843)"
Soledad,VE,"(8.16281, -63.565842)"
Socopo,VE,"(8.23062, -70.821983)"
Siquisique,VE,"(10.57027, -69.703018)"
Sinamaica,VE,"(11.08515, -71.853638)"
Seboruco,VE,"(8.14514, -72.073318)"
Sarare,VE,"(9.78128, -69.1633)"
Santo Domingo,VE,"(8.86052, -70.694801)"
San Timoteo,VE,"(9.8, -71.066673)"
Santa Rosa,VE,"(8.44033, -69.70105)"
Santa Maria de Ipire,VE,"(8.81556, -65.322502)"
Santa Maria de Caparo,VE,"(7.71412, -71.464661)"
Santa Lucia,VE,"(8.10155, -69.777519)"
Santa Isabel,VE,"(9.63217, -70.807587)"
Santa Ines,VE,"(8.26241, -69.897949)"
Santa Elena de Uairen,VE,"(4.61667, -61.133331)"
Santa Elena de Arenales,VE,"(8.81924, -71.465637)"
Santa Cruz,VE,"(8.39823, -71.641258)"
Santa Cruz de Bucaral,VE,"(10.81953, -69.277763)"
Santa Catalina,VE,"(7.92408, -68.91745)"
Santa Barbara,VE,"(9.60886, -63.610031)"
Santa Barbara,VE,"(7.81348, -71.177879)"
Santa Apolonia,VE,"(9.47139, -71.014191)"
Santa Ana,VE,"(11.06908, -63.924198)"
Santa Ana,VE,"(9.3056, -64.654778)"
Santa Ana,VE,"(8.11697, -72.021744)"
San Simon,VE,"(8.35078, -71.850281)"
San Silvestre,VE,"(8.27585, -70.110268)"
San Rafael de Onoto,VE,"(9.67742, -68.973442)"
San Rafael de Carvajal,VE,"(9.30339, -70.58532)"
San Rafael de Canagua,VE,"(8.02667, -70.008614)"
San Pablo,VE,"(10.24828, -68.844513)"
San Mateo,VE,"(9.7392, -64.549599)"
San Luis,VE,"(11.12034, -69.683968)"
San Juan de Manapiare,VE,"(5.31718, -66.048622)"
San Juan Bautista,VE,"(11.01116, -63.944061)"
San Jose de Barlovento,VE,"(10.30125, -65.990517)"
San Jose de Aerocuar,VE,"(10.59973, -63.328522)"
San Francisco,VE,"(10.55363, -71.703644)"
San Fernando de Atabapo,VE,"(4.04956, -67.700317)"
San Casimiro,VE,"(10.00169, -67.014641)"
San Carlos de Rio Negro,VE,"(1.91667, -67.066673)"
San Antonio del Golfo,VE,"(10.44155, -63.789612)"
San Antonio,VE,"(7.96378, -68.433838)"
Sabaneta,VE,"(8.75326, -69.935158)"
Sabana Grande,VE,"(9.4028, -70.797623)"
Sabana de Parra,VE,"(10.12111, -69.036392)"
Sabana de Mendoza,VE,"(9.43513, -70.776123)"
Rio Chico,VE,"(10.32043, -65.977821)"
Rio Caribe,VE,"(10.6971, -63.109638)"
Quiriquire,VE,"(9.9795, -63.21991)"
Queniquea,VE,"(7.91717, -72.015572)"
Quebrada Seca,VE,"(8.70015, -70.319412)"
Punta de Piedra,VE,"(7.61759, -71.491638)"
Puerto Piritu,VE,"(10.0613, -65.042068)"
Puerto de Nutrias,VE,"(8.0728, -69.30246)"
Puerto Cumarebo,VE,"(11.48783, -69.352219)"
Pueblo Nuevo,VE,"(8.96454, -71.608879)"
Piritu,VE,"(11.37389, -69.137222)"
Piritu,VE,"(10.03891, -65.029747)"
Piritu,VE,"(9.37083, -69.210281)"
Pedregal,VE,"(11.02037, -70.120583)"
Pedraza La Vieja,VE,"(7.9168, -71.059341)"
Pedernales,VE,"(9.97152, -62.251511)"
La Plaza Paraguachi,VE,"(11.10783, -63.85537)"
Papelon,VE,"(8.94109, -69.460197)"
Pampatar,VE,"(11.00125, -63.79343)"
Pampanito,VE,"(9.41037, -70.50116)"
Palmira,VE,"(7.83607, -72.227577)"
Palmasola,VE,"(9.23333, -66.716667)"
Ortiz,VE,"(9.62168, -67.290466)"
Onoto,VE,"(9.59714, -65.193497)"
Ocumare de la Costa,VE,"(10.46127, -67.768723)"
Obispos,VE,"(8.60701, -70.104889)"
Nueva Bolivia,VE,"(9.14176, -71.091202)"
Mucuchies,VE,"(8.74899, -70.914177)"
Motatan,VE,"(9.39002, -70.591187)"
Monte Carmelo,VE,"(9.18583, -70.815613)"
Montalban,VE,"(10.21298, -68.326736)"
Mirimire,VE,"(11.1602, -68.726044)"
Miranda,VE,"(10.14987, -68.39418)"
Masparrito,VE,"(9.00194, -70.301392)"
Maroa,VE,"(2.71861, -67.559921)"
Maripa,VE,"(7.41537, -65.189613)"
Mariguitar,VE,"(10.44716, -63.904491)"
Maporal,VE,"(7.645, -70.419853)"
Mamporal,VE,"(10.36461, -66.13044)"
Los Guayos,VE,"(10.18026, -67.937698)"
Lobatera,VE,"(7.9293, -72.246834)"
Libertad,VE,"(9.35562, -68.691772)"
Libertad,VE,"(8.32651, -69.629768)"
Capacho Viejo,VE,"(7.82853, -72.319069)"
La Yuca,VE,"(8.73109, -70.180717)"
Veguitas,VE,"(8.82391, -69.995811)"
La Union,VE,"(8.21573, -67.766533)"
Las Vegas,VE,"(9.53727, -68.629601)"
Las Mercedes,VE,"(9.11018, -66.397179)"
La Quebrada,VE,"(9.15462, -70.576042)"
La Luz,VE,"(8.39419, -69.823578)"
Lagunillas,VE,"(8.51286, -71.387894)"
La Esmeralda,VE,"(3.16667, -65.550003)"
La Cruz de Taratara,VE,"(11.06396, -69.713097)"
La Concepcion,VE,"(10.61919, -71.838142)"
Chameta,VE,"(8.10024, -70.906708)"
Caramuca,VE,"(8.59708, -70.320557)"
La Azulita,VE,"(8.71314, -71.444168)"
Jacura,VE,"(11.07417, -68.856041)"
Irapa,VE,"(10.56968, -62.58102)"
Guayabal,VE,"(8.00077, -67.397324)"
Guaraque,VE,"(8.15347, -71.735626)"
Guanta,VE,"(10.23448, -64.59552)"
Guanarito,VE,"(8.69625, -69.208321)"
Guadarrama,VE,"(8.53508, -68.049232)"
Farriar,VE,"(10.46967, -68.558571)"
Encontrados,VE,"(9.06085, -72.234131)"
El Valle del Espiritu Santo,VE,"(10.98283, -63.883099)"
El Toro,VE,"(10.95423, -71.64843)"
El Sombrero,VE,"(9.3863, -67.058182)"
El Socorro,VE,"(8.99352, -65.74247)"
El Regalo,VE,"(8.43455, -69.176697)"
San Rafael del Pinal,VE,"(7.52986, -71.959221)"
El Pilar,VE,"(10.53333, -63.150002)"
El Paradero,VE,"(9.77233, -70.61544)"
El Pao,VE,"(9.63752, -68.128838)"
El Palmer,VE,"(8.03333, -61.883331)"
Elorza,VE,"(7.06088, -69.49765)"
El Dividive,VE,"(9.47447, -70.733849)"
El Corozo,VE,"(8.5675, -70.35778)"
El Consejo,VE,"(10.23717, -67.2714)"
El Cobre,VE,"(8.03566, -72.055511)"
El Canton,VE,"(7.47729, -71.295601)"
El Baul,VE,"(8.96216, -68.29554)"
Dolores,VE,"(8.28623, -69.56633)"
Dabajuro,VE,"(11.02273, -70.677689)"
Curiapo,VE,"(8.58094, -60.997551)"
Curbati,VE,"(8.45443, -70.554413)"
Cupira,VE,"(10.16128, -65.700127)"
Cumanacoa,VE,"(10.25013, -63.919182)"
Concepcion,VE,"(10.8, -71.76667)"
Coloncito,VE,"(8.32563, -72.089508)"
Cojedes,VE,"(9.62232, -68.918053)"
Cocorote,VE,"(10.31978, -68.783859)"
Clarines,VE,"(9.93991, -65.165169)"
Ciudad De Nutrias,VE,"(8.09536, -69.307983)"
Ciudad Bolivia,VE,"(8.35304, -70.571213)"
Churuguara,VE,"(10.8137, -69.537819)"
Chichiriviche,VE,"(10.9333, -68.277161)"
Chejende,VE,"(9.61892, -70.356956)"
Chaguaramas,VE,"(9.33855, -66.252548)"
Casigua El Cubo,VE,"(8.74493, -72.519669)"
Casanay,VE,"(10.50368, -63.415531)"
Cariaco,VE,"(10.49573, -63.553989)"
Carache,VE,"(9.62872, -70.228554)"
Capitanejo,VE,"(8.01171, -71.004578)"
Capatarida,VE,"(11.1748, -70.61898)"
Campo Elias,VE,"(9.39347, -70.060349)"
Camaguan,VE,"(8.10655, -67.607239)"
Calderas,VE,"(8.91426, -70.447449)"
Caicara,VE,"(9.81754, -63.613312)"
Cabure,VE,"(11.15, -69.608887)"
Cabudare,VE,"(10.02889, -69.089439)"
Bum Bum,VE,"(8.27664, -70.76664)"
Boraure,VE,"(10.24933, -68.769501)"
Boconoito,VE,"(8.84659, -69.980324)"
Boca de Uchire,VE,"(10.13152, -65.42115)"
Boca del Rio,VE,"(10.96757, -64.180496)"
Biruaca,VE,"(7.84483, -67.516792)"
Barrancas,VE,"(8.76868, -70.112198)"
Bachaquero,VE,"(9.96944, -71.149437)"
Aroa,VE,"(10.43861, -68.894173)"
Arismendi,VE,"(8.47974, -68.369957)"
Aricagua,VE,"(8.22343, -71.137047)"
Araya,VE,"(10.57973, -64.258263)"
Arauquita,VE,"(8.70833, -69.657219)"
Altamira,VE,"(8.82359, -70.502441)"
Aguasay,VE,"(9.42489, -63.73077)"
Abejales,VE,"(7.62241, -71.51017)"
Las Mesas,VE,"(8.16454, -72.165558)"
Santa Rita,VE,"(10.20696, -67.538841)"
San Josecito,VE,"(7.65997, -72.219582)"
Cordero,VE,"(7.85591, -72.180748)"
Sierra Imataca,VE,"(8.4555, -62.428909)"
Temblador,VE,"(9.00716, -62.642159)"
Palmasola,VE,"(10.59363, -68.54422)"
Delicias,VE,"(7.56505, -72.44754)"
Capacho Nuevo,VE,"(7.82409, -72.308998)"
La Tendida,VE,"(8.50757, -71.831657)"
Agua Blanca,VE,"(9.66146, -69.107521)"
El Playon,VE,"(9.09857, -69.049141)"
Arapuey,VE,"(9.25934, -70.952477)"
Macapo,VE,"(9.82602, -68.438988)"
San Juan de Payara,VE,"(7.6456, -67.606743)"
San Sebastian,VE,"(9.94543, -67.176811)"
Lecherias,VE,"(10.19769, -64.694069)"
Santa Cruz de los Taques,VE,"(11.8235, -70.256371)"
Independencia,VE,"(10.33432, -68.755119)"
Cruz Bay,VI,"(18.331341, -64.793747)"
Huyen Thanh Son,VN,"(21.219879, 105.186142)"
Huyen Son Duong,VN,"(21.70363, 105.404121)"
Thi xa Phu Tho,VN,"(21.39883, 105.22702)"
Duong GJong,VN,"(10.21667, 103.966667)"
Phong Tho,VN,"(22.533331, 103.349998)"
Huyen Doan Hung,VN,"(21.6241, 105.185883)"
Con Son,VN,"(8.68333, 106.616669)"
Uyen Hung,VN,"(11.08416, 106.788338)"
Huyen Yen Lap,VN,"(21.350019, 105.060143)"
Huyen Thanh Hoa,VN,"(21.495831, 105.145348)"
Huyen Song Thao,VN,"(21.420799, 105.139473)"
Huyen Tam Thanh,VN,"(21.25564, 105.297752)"
Huyen Phong Chau,VN,"(21.43498, 105.293137)"
Huyen Ba Vi,VN,"(21.1999, 105.430183)"
Port-Olry,VU,"(-15.05, 167.050003)"
Norsup,VU,"(-16.066669, 167.383331)"
Luganville,VU,"(-15.53333, 167.166672)"
Lakatoro,VU,"(-16.09992, 167.416367)"
Isangel,VU,"(-19.549999, 169.266663)"
Vaiusu,WS,"(-13.82678, -171.79332)"
Vaitele,WS,"(-13.81964, -171.802536)"
Solosolo,WS,"(-13.87504, -171.641815)"
Siusega,WS,"(-13.84432, -171.813965)"
Satapuala,WS,"(-13.83535, -171.97963)"
Safotu,WS,"(-13.45132, -172.401764)"
Nofoalii,WS,"(-13.8217, -171.958725)"
Matavai,WS,"(-14.03208, -171.647675)"
Malie,WS,"(-13.80044, -171.846893)"
Lufilufi,WS,"(-13.87449, -171.598572)"
Lotofaga,WS,"(-13.97643, -171.857803)"
Leulumoega,WS,"(-13.82298, -171.961273)"
Gataivai,WS,"(-13.7736, -172.388016)"
Fasitoouta,WS,"(-13.81163, -171.940628)"
Faleula,WS,"(-13.79456, -171.831253)"
Falefa,WS,"(-13.88695, -171.588043)"
Afenga,WS,"(-13.79726, -171.853073)"
Zvecan,XK,"(42.907501, 20.840281)"
Zubin Potok,XK,"(42.91444, 20.68972)"
Vitina,XK,"(42.321388, 21.35833)"
Strpce,XK,"(42.239441, 21.02722)"
Srbica,XK,"(42.74667, 20.78861)"
Irzniq,XK,"(42.52, 20.347219)"
Prilep,XK,"(42.5075, 20.31778)"
Peqan,XK,"(42.38361, 20.821939)"
Pagarusa,XK,"(42.419998, 20.74222)"
Obiliq,XK,"(42.686939, 21.07028)"
Nishor,XK,"(42.423889, 20.80167)"
Malisevo,XK,"(42.48222, 20.745831)"
Lumbardhi,XK,"(42.546669, 20.34667)"
Lebushe,XK,"(42.563061, 20.290831)"
Lipljan,XK,"(42.521671, 21.12583)"
Leshan,XK,"(42.327782, 20.781111)"
Kosuriq,XK,"(42.570278, 20.46472)"
Kamenica,XK,"(42.57806, 21.58028)"
Klina,XK,"(42.62167, 20.57778)"
Kacanik,XK,"(42.231941, 21.259439)"
Isniq,XK,"(42.557499, 20.30278)"
Strellc i Eperm,XK,"(42.57835, 20.293461)"
Lluka e Eperme,XK,"(42.544998, 20.307779)"
Glogovac,XK,"(42.62833, 20.89389)"
Gllogjan,XK,"(42.507221, 20.36278)"
Dubova (Driloni),XK,"(42.711941, 20.36972)"
Dranoc,XK,"(42.51556, 20.292219)"
Strellc i Ulet,XK,"(42.580631, 20.316191)"
Gjinoc,XK,"(42.318329, 20.818609)"
Budakovo,XK,"(42.355, 20.924999)"
Papraqan,XK,"(42.55278, 20.33111)"
Lloqan,XK,"(42.524441, 20.28083)"
Dahasuways,YE,"(15.72389, 50.729439)"
Ash Shihr,YE,"(14.75863, 49.606392)"
Al Ghaylah,YE,"(14.59583, 45.583328)"
Judaydah,YE,"(15.07512, 45.299622)"
Dawran,YE,"(13.77436, 44.441959)"
Najd al Jumai,YE,"(13.91581, 44.324139)"
Zalmat al Alya,YE,"(14.1023, 44.09404)"
Suq ar Rabu,YE,"(14.51155, 44.01511)"
Ash Shuqayrah,YE,"(13.13452, 43.786362)"
Mashraah,YE,"(13.53235, 43.99588)"
Ar Rawnah,YE,"(13.75638, 43.80286)"
Ar Ramadi,YE,"(13.95641, 43.784569)"
Al Ahad,YE,"(14.25833, 43.64167)"
Ad Dil,YE,"(14.67199, 43.818279)"
Al Jabin,YE,"(14.70401, 43.599041)"
Suq Sirwah,YE,"(15.45417, 45.01667)"
Majzar,YE,"(15.85, 44.775002)"
Bidbadah,YE,"(15.425, 44.700001)"
Matwah,YE,"(15.0676, 43.642132)"
Suwayr,YE,"(16.181801, 43.609859)"
Wadarah,YE,"(15.71073, 43.483212)"
Suq Shamar,YE,"(15.885, 43.368061)"
Mustaba,YE,"(16.228161, 43.248951)"
An Nazir,YE,"(16.909161, 43.26226)"
At Tawilah,YE,"(15.49389, 43.74778)"
Zinjibar,YE,"(13.12871, 45.38073)"
Zarajah,YE,"(14.86692, 44.378681)"
Az Zahir,YE,"(13.96667, 45.48333)"
Yufrus,YE,"(13.45529, 43.947041)"
Washhah,YE,"(16.307739, 43.41066)"
Walan,YE,"(15.07021, 44.276409)"
Dhi Jalal,YE,"(13.62378, 44.707539)"
Usaylan,YE,"(15.03201, 45.82832)"
Ubal,YE,"(14.98808, 43.544441)"
Thamud,YE,"(17.299999, 49.916672)"
As Suwayda,YE,"(13.78694, 45.2304)"
Al Anan,YE,"(16.72188, 44.312519)"
Abs,YE,"(16.002951, 43.197239)"
Sif,YE,"(15.31389, 48.330002)"
Shihan as Sufla,YE,"(17.769991, 52.48925)"
Shibam,YE,"(15.50943, 43.904449)"
Ash Sharyah,YE,"(14.35659, 45.022442)"
Sharas,YE,"(15.71233, 43.64925)"
Shaharat al Ghis,YE,"(16.184111, 43.702278)"
Sayhut,YE,"(15.21056, 51.24556)"
Sah,YE,"(15.57722, 48.850559)"
Sadah,YE,"(16.94021, 43.763939)"
Rihab,YE,"(14.22762, 44.188141)"
Rada,YE,"(14.4151, 44.83709)"
Ar Raydah,YE,"(15.035, 50.479172)"
Raydah,YE,"(15.81421, 44.040852)"
Rudum,YE,"(14.0851, 47.743141)"
Qulansiyah,YE,"(12.68333, 53.48333)"
Qishn,YE,"(15.42278, 51.681389)"
Qatabah,YE,"(13.85493, 44.705799)"
Nisab,YE,"(14.51667, 46.5)"
Al Musaymir,YE,"(13.44389, 44.61528)"
Mukayras,YE,"(13.94428, 45.670738)"
Mudiyah,YE,"(13.9284, 46.082539)"
Markaz Mudhaykirah,YE,"(13.88953, 43.9688)"
Manwakh,YE,"(16.807779, 48.109169)"
Mayfaah,YE,"(14.27042, 47.561199)"
Maidi,YE,"(16.321011, 42.812988)"
Mawza,YE,"(13.26831, 43.50993)"
Mawiyah,YE,"(13.58294, 44.347679)"
Al Jawl,YE,"(14.45625, 48.280659)"
Manakhah,YE,"(15.07422, 43.741562)"
Milah,YE,"(14.41617, 44.786221)"
Al Malahit,YE,"(16.76848, 43.275822)"
Al Mafud,YE,"(15.34264, 47.252171)"
Mafhaq,YE,"(15.10162, 43.903042)"
Al Madid,YE,"(15.64453, 44.47337)"
Mabar,YE,"(14.79395, 44.293541)"
Al Maalla,YE,"(12.78987, 45.002441)"
Lawdar,YE,"(13.88282, 45.868591)"
Kuhlan Afar,YE,"(15.73309, 43.719021)"
Kuaydinah,YE,"(15.82104, 43.3372)"
Kitaf,YE,"(17.031651, 44.109051)"
Kilmia,YE,"(12.18576, 52.233318)"
Khawrah,YE,"(14.43201, 46.15435)"
Khamir,YE,"(15.98792, 43.953621)"
Juban,YE,"(14.01164, 44.874599)"
Jihanah,YE,"(15.22628, 44.482441)"
Jiblah,YE,"(13.92162, 44.146679)"
Jawf al Maqbabah,YE,"(13.83783, 45.834881)"
Jaar,YE,"(13.223, 45.30558)"
Huth,YE,"(16.23114, 43.96854)"
As Salasil,YE,"(16.479589, 48.831532)"
Al Abr,YE,"(16.133329, 47.23333)"
Hays,YE,"(13.9317, 43.483101)"
Hayfan,YE,"(13.31778, 44.280109)"
Hawf,YE,"(16.633329, 53.033329)"
Haswayn,YE,"(15.59194, 52.102219)"
Harib,YE,"(14.93156, 45.503559)"
Harad,YE,"(16.409651, 43.05883)"
Hammam Ali,YE,"(14.66371, 44.147629)"
Madinat Labus,YE,"(13.86667, 45.25)"
Tamrida,YE,"(12.65, 54.033329)"
Habil al Jabr,YE,"(13.60422, 44.985779)"
Al Habilayn,YE,"(13.52002, 44.850761)"
Habban,YE,"(14.35411, 47.076488)"
Hababah,YE,"(15.54418, 43.875629)"
Ghayl Ba Wazir,YE,"(14.77611, 49.366112)"
Dhubab,YE,"(12.94305, 43.41024)"
Dhi Naim,YE,"(14.10574, 45.448071)"
Dhaybin,YE,"(15.97712, 44.129169)"
Dawran ad Daydah,YE,"(14.73927, 44.206638)"
Dar an Nasr,YE,"(13.55821, 44.016338)"
Burum,YE,"(14.36361, 48.979721)"
Bayt Adhaqah,YE,"(15.61576, 43.702278)"
As Suq al Jadid,YE,"(15.82496, 44.062038)"
Bayhan,YE,"(14.80067, 45.718891)"
Bani Hujjaj,YE,"(15.41667, 43.316669)"
Bani Bakr,YE,"(13.93333, 45.26667)"
Az Zuhrah,YE,"(15.72377, 42.995819)"
Az Zaydiyah,YE,"(15.32851, 43.008121)"
Az Zahir,YE,"(16.317989, 44.488178)"
Al Hajab,YE,"(14.85192, 45.529041)"
Al Awabil,YE,"(13.83754, 44.864311)"
At Turbah,YE,"(13.2127, 44.124149)"
Al Tuhayta,YE,"(14.18356, 43.226372)"
At Tawahi,YE,"(12.78471, 44.980202)"
As Sudah,YE,"(15.95861, 43.78083)"
As Sayyani,YE,"(13.84266, 44.17395)"
As Sawmaah,YE,"(14.08505, 45.801022)"
Al Bilad,YE,"(16.13806, 49.291672)"
As Sawadiyah,YE,"(14.30113, 45.221481)"
As Salif,YE,"(15.30558, 42.67067)"
Said,YE,"(14.33011, 46.872921)"
As Safaqayn,YE,"(15.37897, 43.421211)"
As Saddah,YE,"(14.1221, 44.421391)"
Ash Shaykh Uthman,YE,"(12.87678, 44.993092)"
Ash Shatt,YE,"(12.89357, 44.035709)"
Ash Shahil,YE,"(15.86656, 43.404949)"
Ash Shaghadirah,YE,"(15.62, 43.520561)"
Asdas,YE,"(15.76601, 45.081509)"
Marbat,YE,"(14.20567, 46.388111)"
Ar Rawdah,YE,"(15.43251, 44.223991)"
Ar Rawdah,YE,"(14.46725, 47.276379)"
An Nadirah,YE,"(14.09628, 44.47559)"
Amran,YE,"(15.6594, 43.943851)"
Amd,YE,"(15.3, 47.98333)"
Al Wuday,YE,"(13.7721, 46.01786)"
Al Udayn,YE,"(13.96918, 43.996731)"
Al Qurh,YE,"(16.73333, 51.48333)"
Al Qanawis,YE,"(15.49277, 43.134331)"
Al Qaflah,YE,"(16.31897, 43.767921)"
Qaryat al Qabil,YE,"(15.45033, 44.127682)"
Al Maudah,YE,"(14.21055, 45.387321)"
Al Munirah,YE,"(15.32024, 42.929359)"
Al Misrakh,YE,"(13.46059, 44.020432)"
Al Milah,YE,"(13.42611, 44.825562)"
Al Mighlaf,YE,"(15.2871, 43.18914)"
Markaz al Marir,YE,"(13.98178, 43.59547)"
Al Marawiah,YE,"(14.83069, 43.153912)"
Al Mansuriyah,YE,"(14.6856, 43.299221)"
Al Mansurah,YE,"(12.86019, 44.981659)"
Al Makhadir,YE,"(14.12224, 44.19796)"
Al Mahwit,YE,"(15.47007, 43.544811)"
Al Mahfid,YE,"(14.05847, 46.91328)"
Al Mahabishah,YE,"(15.94758, 43.435871)"
Al Luhayyah,YE,"(15.70309, 42.690929)"
Kirsh,YE,"(13.36473, 44.490459)"
Al Khawkhah,YE,"(13.8071, 43.249298)"
Al Jurbah,YE,"(13.7915, 45.158939)"
Al Jarrahi,YE,"(14.13254, 43.388451)"
Al Husayn,YE,"(13.79199, 44.76886)"
Huraydah,YE,"(15.59861, 48.182781)"
Al Hazm,YE,"(16.164061, 44.77692)"
Al Qatn,YE,"(15.84056, 48.455559)"
Al Harf,YE,"(16.363951, 44.094212)"
Hajar al Mushaikh,YE,"(16.133329, 47.833328)"
Al Ghayzah,YE,"(16.20787, 52.176048)"
Al Batinah,YE,"(15.48333, 48.433331)"
Al Aqir,YE,"(14.56816, 45.91156)"
Ahwar,YE,"(13.52019, 46.713669)"
Ad Durayhimi,YE,"(14.63702, 43.05505)"
Ad Dis ash Sharqiyah,YE,"(14.90806, 49.947781)"
Ad Dimnah,YE,"(13.45398, 44.181679)"
Ad Dann,YE,"(14.3518, 43.852749)"
Az Zaliah,YE,"(15.01667, 48.01667)"
Dhalie,YE,"(13.69572, 44.731369)"
Dhahi,YE,"(15.21467, 43.06974)"
Markaz Bilad at Taam,YE,"(14.83361, 43.536388)"
Al Jumah,YE,"(14.73779, 43.96489)"
Al Hadiyah,YE,"(14.52638, 43.57045)"
Kusmah,YE,"(14.58175, 43.636761)"
Riqab,YE,"(14.88596, 43.464909)"
As Sukhnah,YE,"(14.79408, 43.436199)"
Ar Rujum,YE,"(15.45776, 43.632259)"
Al Khamis,YE,"(15.18533, 43.511219)"
Al Urr,YE,"(15.24648, 43.888359)"
Al Maghrabah,YE,"(15.87722, 43.666672)"
As Sararah,YE,"(15.79449, 43.869968)"
An Nasirah,YE,"(15.77277, 43.809021)"
Mabyan,YE,"(15.73773, 43.557011)"
Matnah,YE,"(15.25333, 44.024719)"
Al Hayfah,YE,"(15.73494, 44.237881)"
Bayt Marran,YE,"(15.69312, 44.205299)"
Al Nashmah,YE,"(13.39028, 43.96833)"
Al Hashwah,YE,"(16.90641, 44.276218)"
Saqayn,YE,"(16.877001, 43.52499)"
Al Mahjal,YE,"(16.711691, 44.847691)"
Rajuzah,YE,"(16.70056, 44.414539)"
Al Khirab,YE,"(16.554399, 44.290482)"
Al Humaydat,YE,"(16.485661, 44.430279)"
Al Madan,YE,"(16.224131, 43.643829)"
Al Ashshah,YE,"(16.256519, 43.854759)"
Hasan Bini Sad,YE,"(16.27293, 44.47728)"
Al Matun,YE,"(16.230631, 44.584759)"
Al Maslub,YE,"(16.182711, 44.626129)"
Al Ghayl,YE,"(16.10774, 44.68005)"
Al Jamimah,YE,"(16.01787, 43.59647)"
Habur,YE,"(16.05097, 43.706989)"
Ar Rawd,YE,"(16.061449, 44.81012)"
Ar Rubu,YE,"(13.78024, 43.869011)"
Maqbanah,YE,"(13.66394, 43.687302)"
Dubah,YE,"(14.49052, 44.131081)"
Ar Radai,YE,"(14.01708, 44.39299)"
Al Mayfaah,YE,"(14.46392, 44.54866)"
Ar Radmah,YE,"(14.21973, 44.586571)"
Hammam Damt,YE,"(14.09031, 44.670059)"
Zakhim,YE,"(14.29496, 44.68504)"
Maswarah,YE,"(14.34399, 45.726231)"
Tawr al Bahah,YE,"(13.18179, 44.29966)"
Kushar,YE,"(16.15523, 43.421021)"
Aslam,YE,"(16.05961, 43.32745)"
Haydan,YE,"(16.77899, 43.43372)"
Al Miftah,YE,"(15.97431, 43.46381)"
Mudghil,YE,"(15.59858, 45.040131)"
Al Harajah,YE,"(15.48818, 44.665352)"
Bani al Awwam,YE,"(15.58119, 43.587269)"
Bani an Nahari,YE,"(15.63981, 43.556332)"
Al Hijrah,YE,"(17.29788, 43.38718)"
Suq al Khamis,YE,"(17.181259, 43.288109)"
Al Mashaf,YE,"(16.85836, 43.197811)"
Al Kharab,YE,"(16.991289, 43.338879)"
Al Ayn,YE,"(13.33005, 44.092079)"
Qaryat ad Dais,YE,"(13.9877, 44.274899)"
Hazm al Udayn,YE,"(14.02743, 44.00526)"
An Najd,YE,"(14.42152, 45.295959)"
Rahabah al Kawlah,YE,"(14.89574, 44.989182)"
Al Amud,YE,"(14.72103, 45.20676)"
Al Aqabah,YE,"(14.27179, 44.786991)"
Al Qurayshiyah,YE,"(14.5122, 44.85358)"
Hawrah,YE,"(13.35751, 44.145802)"
Ash Shawati,YE,"(16.78314, 43.812649)"
Al Hamdi,YE,"(15.94727, 48.779652)"
At Tahalif,YE,"(15.93786, 48.7864)"
Suhayl Shibam,YE,"(15.91448, 48.638641)"
Al Khaniq,YE,"(15.50253, 44.18158)"
Bir Hat,YE,"(17.32197, 52.095661)"
Hadadah,YE,"(13.17535, 44.274609)"
Rimat,YE,"(17.45532, 50.577888)"
Rumah,YE,"(17.455481, 50.577702)"
Al Shiruj,YE,"(14.68526, 47.76926)"
Jawl al Majma,YE,"(14.93278, 47.02763)"
Suq Sibah,YE,"(13.81436, 45.3923)"
Al Hazm,YE,"(14.68919, 45.609619)"
Al Aqta,YE,"(14.66217, 45.351231)"
Baqim as Suq,YE,"(17.397129, 43.477428)"
Dzaoudzi,YT,"(-12.7887, 45.269939)"
Dembeni,YT,"(-12.8436, 45.184361)"
Bandraboua,YT,"(-12.7044, 45.122311)"
MTsangamouji,YT,"(-12.75944, 45.083611)"
Ouangani,YT,"(-12.84639, 45.136108)"
Sada,YT,"(-12.85055, 45.102051)"
Boueni,YT,"(-12.9025, 45.076111)"
Kani Keli,YT,"(-12.95361, 45.103329)"
Winburg,ZA,"(-28.518049, 27.009331)"
Willowmore,ZA,"(-33.292648, 23.48954)"
Whittlesea,ZA,"(-32.17588, 26.824369)"
Vrede,ZA,"(-27.42573, 29.16585)"
Ventersburg,ZA,"(-28.085609, 27.13814)"
Utrecht,ZA,"(-27.658621, 30.321659)"
Thulamahashi,ZA,"(-24.72459, 31.19939)"
Sundumbili,ZA,"(-29.133711, 31.39752)"
Prieska,ZA,"(-29.664089, 22.747419)"
Port Saint Johns,ZA,"(-31.62291, 29.544769)"
Orange Farm,ZA,"(-26.48333, 27.866671)"
Muldersdriseloop,ZA,"(-26.03673, 27.83798)"
Mooirivier,ZA,"(-29.208241, 29.9946)"
Molteno,ZA,"(-31.396761, 26.362459)"
Modderfontein,ZA,"(-26.08909, 28.16534)"
Marquard,ZA,"(-28.66449, 27.430479)"
Mankoeng,ZA,"(-23.9, 29.816669)"
Kuruman,ZA,"(-27.4524, 23.432461)"
Koppies,ZA,"(-27.241791, 27.574221)"
Jan Kempdorp,ZA,"(-27.922461, 24.830521)"
Ilinge,ZA,"(-31.976761, 27.042669)"
Hoopstad,ZA,"(-27.832741, 25.908331)"
Greytown,ZA,"(-29.064159, 30.592791)"
GAKGAPANE,ZA,"(-23.633329, 30.216669)"
Ekuvukeni,ZA,"(-28.46752, 30.15513)"
Dordrecht,ZA,"(-31.372, 27.04878)"
Deneysville,ZA,"(-26.8908, 28.097071)"
Danielskuil,ZA,"(-28.18873, 23.539511)"
Colesberg,ZA,"(-30.71999, 25.097179)"
Clocolan,ZA,"(-28.91367, 27.565559)"
Carnarvon,ZA,"(-30.968269, 22.13303)"
Burgersdorp,ZA,"(-30.99766, 26.328621)"
Breyten,ZA,"(-26.30176, 29.986959)"
Bredasdorp,ZA,"(-34.53215, 20.04031)"
Berea,ZA,"(-29.851851, 30.99337)"
Belfast,ZA,"(-25.689911, 30.03504)"
Alice,ZA,"(-32.787491, 26.8344)"
Adelaide,ZA,"(-32.70747, 26.295641)"
Rosebank,ZA,"(-33.955559, 18.474171)"
Constantia,ZA,"(-34.031391, 18.418329)"
Claremont,ZA,"(-33.98056, 18.465281)"
Sunset Beach,ZA,"(-33.853951, 18.49231)"
Nakonde,ZM,"(-9.34213, 32.744999)"
Mpulungu,ZM,"(-8.76234, 31.11405)"
Mporokoso,ZM,"(-9.37272, 30.12501)"
Kaputa,ZM,"(-8.46887, 29.661921)"
Sinazongwe,ZM,"(-17.2614, 27.46179)"
Serenje,ZM,"(-13.23251, 30.23522)"
Nyimba,ZM,"(-14.55656, 30.814899)"
Namwala,ZM,"(-15.75042, 26.438391)"
Nakambala,ZM,"(-15.83244, 27.77994)"
Mwinilunga,ZM,"(-11.73584, 24.42926)"
Mwense,ZM,"(-10.38446, 28.698)"
Mungwi,ZM,"(-10.1732, 31.369419)"
Mufumbwe,ZM,"(-13.68333, 24.799999)"
Mpongwe,ZM,"(-13.50914, 28.155041)"
Mkushi,ZM,"(-13.62015, 29.3939)"
Maamba,ZM,"(-17.366671, 27.15)"
Luwingu,ZM,"(-10.2621, 29.92712)"
Lundazi,ZM,"(-12.29292, 33.1782)"
Lukulu,ZM,"(-14.37067, 23.241961)"
Luangwa,ZM,"(-15.61667, 30.41667)"
Limulunga,ZM,"(-15.09691, 23.137581)"
Kasempa,ZM,"(-13.45836, 25.833799)"
Kaoma,ZM,"(-14.78333, 24.799999)"
Kalengwa,ZM,"(-13.46586, 25.00271)"
Kalabo,ZM,"(-14.97004, 22.681379)"
Kabompo,ZM,"(-13.59268, 24.200809)"
Isoka,ZM,"(-10.16062, 32.63353)"
Gwembe,ZM,"(-16.497549, 27.606911)"
Chongwe,ZM,"(-15.32916, 28.682039)"
Chinsali,ZM,"(-10.54142, 32.081619)"
Chibombo,ZM,"(-14.65685, 28.07057)"
Chambishi,ZM,"(-12.63247, 28.053671)"
Chama,ZM,"(-11.21304, 33.1521)"
Chadiza,ZM,"(-14.06779, 32.439171)"
Shangani,ZW,"(-19.783331, 29.366671)"
Shamva,ZW,"(-17.31159, 31.575609)"
Raffingora,ZW,"(-17.033331, 30.433331)"
Plumtree,ZW,"(-20.48333, 27.816669)"
Penhalonga,ZW,"(-18.891121, 32.697811)"
Odzi,ZW,"(-18.96167, 32.405571)"
Nyazura,ZW,"(-18.70587, 32.167961)"
Nyanga,ZW,"(-18.216669, 32.75)"
Mvurwi,ZW,"(-17.033331, 30.85)"
Mvuma,ZW,"(-19.27924, 30.52828)"
Mutoko,ZW,"(-17.39699, 32.226768)"
Murehwa,ZW,"(-17.643221, 31.784)"
Mount Darwin,ZW,"(-16.772511, 31.583811)"
Mhangura,ZW,"(-16.89386, 30.16828)"
Mazoe,ZW,"(-17.50404, 30.973881)"
Mashava,ZW,"(-20.03665, 30.48225)"
Macheke,ZW,"(-18.139009, 31.849331)"
Lupane,ZW,"(-18.93149, 27.806959)"
Lalapanzi,ZW,"(-19.332251, 30.177679)"
Kamativi Mine,ZW,"(-18.31563, 27.05728)"
Inyathi,ZW,"(-19.675631, 28.84687)"
Insiza,ZW,"(-19.783331, 29.200001)"
Gwanda,ZW,"(-20.933331, 29)"
Filabusi,ZW,"(-20.533331, 29.285021)"
Esigodini,ZW,"(-20.289789, 28.922609)"
Dorowa Mining Lease,ZW,"(-19.066669, 31.75)"
Dete,ZW,"(-18.616671, 26.866671)"
Chivhu,ZW,"(-19.02112, 30.892179)"
Chirundu,ZW,"(-16.033331, 28.85)"
Chimanimani,ZW,"(-19.799999, 32.866669)"
Chakari,ZW,"(-18.062941, 29.89246)"
Centenary,ZW,"(-16.722891, 31.11462)"
Binga,ZW,"(-17.620279, 27.341391)"
Beatrice,ZW,"(-18.252831, 30.8473)"
Banket,ZW,"(-17.383329, 30.4)"
Sophia Antipolis,FR,"(43.622349, 7.04721)"
Yarvekyulya,EE,"(59.376671, 24.79278)"
Banj,HR,"(44.00111, 15.29444)"
Marcoussis,FR,"(48.64167, 2.22972)"
Carnago,IT,"(45.722069, 8.83424)"
BF Homes,PH,"(14.45337, 120.997688)"
Kaparwāi,IN,"(26.299999, 83.666672)"
Krasnyye Chelny,RU,"(55.700001, 52.349998)"
Rødkærsbro,DK,"(56.3531, 9.50514)"
Großschafhausen,DE,"(48.19075, 9.97267)"
Britanski trg,HR,"(45.81284, 15.96497)"
Colonia Fabricii,RO,"(45.416672, 26.299999)"
Alicia,PH,"(14.665, 121.020798)"
Karaçalı,TR,"(41.108109, 30.318609)"
Dellwig,DE,"(51.48333, 6.93333)"
Coco,TT,"(10.68333, -61.583328)"
Sejstrup,DK,"(55.435322, 8.7418)"
Indre By,DK,"(55.676102, 12.5683)"
Ulstrup,DE,"(54.816669, 9.55)"
Sital,IN,"(27.966669, 73.599998)"
Bir Mourad Raïs,DZ,"(36.7458, 3.03916)"
Al Ghaţghaţ,SA,"(24.47649, 46.249908)"
Gemeente Lochem,NL,"(52.150002, 6.41667)"
Potsdam,DE,"(52.396549, 13.05794)"
Tlaltenco,MX,"(19.283331, -99.01667)"
Soraluze / Placencia de las Armas,ES,"(43.17807, -2.41397)"
Rawa Barat,ID,"(-6.2377, 106.812103)"
Glenmarais,ZA,"(-26.057859, 28.270309)"
Maryland,IE,"(53.337769, -6.28954)"
Klein Heidorn,DE,"(52.433331, 9.43333)"
Yerandwane,IN,"(18.5, 73.833328)"
Petříkov,CZ,"(48.84697, 14.75461)"
Tanglin Halt,SG,"(1.30139, 103.797501)"
Castronno,IT,"(45.74567, 8.81283)"
Trevi,IT,"(41.90464, 12.49176)"
Stennewitz,DE,"(51.866669, 13.95)"
Nagahamamachi,JP,"(33.23333, 131.616669)"
Nakajima,JP,"(36.716671, 137.216675)"
Takamatsu,JP,"(36.76667, 136.716675)"
Kita-sannomaru,JP,"(36.366669, 140.483337)"
Mizoguchi,JP,"(35.349998, 133.433334)"
Wakinohamachō,JP,"(34.700001, 135.216675)"
Mameda-shimmachi,JP,"(36.566669, 136.633331)"
Tsukasamachi,JP,"(35.416672, 136.766663)"
Yakuin-Horibata,JP,"(33.583328, 130.399994)"
Milo,IT,"(37.723259, 15.11589)"
Sidi Ma’rouf,MA,"(33.514019, -7.65384)"
Tierra Amarilla,PE,"(-12.13333, -76.433327)"
Teverola,IT,"(40.995609, 14.20763)"
Pennigbüttel,DE,"(53.25, 8.81667)"
Parit,ID,"(-3.16667, 104.633331)"
Aupagan,PH,"(8.89056, 125.555)"
Leadgate,GB,"(54.866669, -1.8)"
Al Khālidīyah,SA,"(24.622219, 46.759441)"
San Vicente,AR,"(-35.025002, -58.42276)"
Case Arfel,IT,"(44.25, 7.78333)"
Fontaine-sous-Préaux,FR,"(49.48444, 1.16806)"
Fontaine-sous-Préaux,FR,"(49.484051, 1.16728)"
Volosko,HR,"(45.348888, 14.3175)"
Ravnkilde,DK,"(56.756088, 9.75264)"
Tolne,DK,"(57.48135, 10.31169)"
Studsdal,DK,"(55.53117, 9.59834)"
Hjelmager,DK,"(56.276562, 10.31756)"
Lejbjerg,DK,"(57.01667, 9.96667)"
Karesuando,SE,"(68.43959, 22.47047)"
Santa Cruz,PH,"(14.6, 120.98333)"
Sol,ES,"(40.416641, -3.70327)"
Freixo de Espada À Cinta,PT,"(41.12344, -6.82463)"
Freixo de Espada À Cinta,PT,"(41.083981, -6.82992)"
Freixo de Espada à Cinta,PT,"(41.090328, -6.80648)"
Los Camotes,MX,"(27.26667, -108.833328)"
Pisieu,FR,"(45.387218, 5.06028)"
La Verrerie,FR,"(45.41375, 5.08726)"
Hurst Green,GB,"(53.833328, -2.48333)"
Kenridge,ZA,"(-33.85918, 18.63633)"
Stellenberg,ZA,"(-33.866089, 18.65992)"
Bagarmossen,SE,"(59.277199, 18.131821)"
Trombitásmalom,HU,"(47.27306, 16.949181)"
Gonfaron,FR,"(43.32056, 6.28917)"
Drake,US,"(36.038212, -77.817482)"
Santa María de Gracia,ES,"(28.466669, -16.26667)"
Livigno,IT,"(46.53471, 10.13375)"
Bronquist,US,"(38.20195, -104.891647)"
Burnt Mill,US,"(38.05167, -104.796371)"
Villa Independencia,AR,"(-31.45594, -64.513222)"
Zhudun,CN,"(34.561111, 118.58889)"
Norsborg,SE,"(59.24493, 17.81394)"
La Villa,BO,"(-17.51667, -65.800003)"
Værløse,DK,"(55.724998, 12.375)"
Gorodishchi,RU,"(55.110229, 38.733608)"
Chinese Gardens,SG,"(1.31139, 103.797783)"
Langå,DK,"(55.194229, 10.72176)"
Mørke,DK,"(56.33453, 10.38187)"
Horning,GB,"(52.70715, 1.46491)"
Virum,DK,"(55.79488, 12.45103)"
Ølby Lyng,DK,"(55.49015, 12.18416)"
Lystrup,DK,"(55.36055, 12.24028)"
Old Monkland,GB,"(55.850319, -4.03781)"
Svenstrup,DK,"(56.407902, 10.56038)"
Ulstrup,DK,"(55.32753, 11.67649)"
Hjerm,DK,"(56.438438, 8.63453)"
Bur,DK,"(56.36496, 8.42665)"
Vemb,DK,"(56.3423, 8.33749)"
Hee,DK,"(56.144371, 8.2844)"
Lem,DK,"(56.591839, 8.78626)"
Tistrup Stationsby,DK,"(55.717178, 8.6043)"
Sig,DK,"(55.664619, 8.57531)"
Gørding,DK,"(55.474651, 8.7974)"
Strandby,DK,"(55.48333, 8.43333)"
Gesing,DK,"(55.514439, 8.44901)"
Alken,DK,"(56.052589, 9.84693)"
Ry,FR,"(49.471199, 1.3445)"
Ry,FR,"(49.471352, 1.34245)"
Bording Stationsby,DK,"(56.144138, 9.2765)"
Studsgård,DK,"(56.090172, 8.9079)"
Troldhede,DK,"(55.991539, 8.74471)"
Borris,DK,"(55.959881, 8.64445)"
Thyregod,DK,"(55.909039, 9.26217)"
Kliplev,DK,"(54.935848, 9.40849)"
Humlum,DK,"(56.540539, 8.55035)"
Oddesund Nord,DK,"(56.582378, 8.54728)"
Uglev,DK,"(56.611462, 8.54428)"
Hvidbjerg,DK,"(55.642731, 9.74153)"
Lyngs,DK,"(56.665741, 8.45206)"
Ettrup,DK,"(56.766201, 8.40172)"
Hørdum,DK,"(56.848751, 8.49002)"
Snedsted,DK,"(56.892448, 8.52436)"
Sjørring,DK,"(56.9529, 8.5893)"
Gredstedbro,DK,"(55.398281, 8.73914)"
Egebæk,DK,"(55.282299, 8.72721)"
Rejsby,DK,"(55.23476, 8.71643)"
Brøns,DK,"(55.194981, 8.72857)"
Døstrup,DK,"(55.118061, 8.80857)"
Bredebro,DK,"(55.054829, 8.82932)"
Visby,DK,"(55.010151, 8.7804)"
Kavslunde,DK,"(55.48378, 9.8096)"
Mosegård,DK,"(55.43716, 9.90593)"
Gelsted,DK,"(55.398781, 9.97314)"
Bara,HR,"(44.987221, 18.921391)"
La Garde-Freinet,FR,"(43.31694, 6.46917)"
Yakhino,RU,"(56.460629, 31.89249)"
Arâches-la-Frasse,FR,"(46.04327, 6.63145)"
Flaine,FR,"(46.006561, 6.68956)"
Mesquer,FR,"(47.399441, -2.46)"
Öfingen,DE,"(47.990879, 8.63663)"
Osaka,JP,"(35.950001, 137.266663)"
Palca,BO,"(-17.700001, -64.900002)"
Rooihuiskraal,ZA,"(-25.894279, 28.150761)"
Kampung Sungai Glugur,MY,"(5.36966, 100.31353)"
Kampong Sungai Tanah Liat,MY,"(4.63333, 100.683327)"
Kampung Sungai Nibung Besar,MY,"(5.33529, 100.300194)"
Bred,DK,"(55.374989, 10.10227)"
Skalbjerg,DK,"(55.367352, 10.15256)"
Brink’s Vlakfontein,ZA,"(-26.183331, 27.799999)"
Klučov,CZ,"(49.166988, 15.93508)"
Brændekilde,DK,"(55.347851, 10.26712)"
Saint Clair,TT,"(10.67039, -61.521679)"
Cooney,IE,"(54.201939, -8.545)"
Wilhelmshöhe,DE,"(48.849998, 8.58333)"
Santa Ana Arriba,DO,"(19.299999, -70.349998)"
Sabana Angosta,DO,"(19.305401, -70.401917)"
Chye Kay,SG,"(1.42611, 103.824173)"
Paesana,IT,"(44.687229, 7.27342)"
Kannu,EE,"(57.90667, 27.13139)"
Valle Verde,PR,"(18.25745, -66.046829)"
Sallobente-Ermuaran,ES,"(43.197201, -2.38534)"
Villa Galicia,AR,"(-34.762249, -58.379829)"
San Martin De Porres,PH,"(14.4961, 121.043999)"
Vieux Lyon,FR,"(45.759109, 4.82613)"
La Fillotte,FR,"(47.333328, 5.01667)"
Solbiate Arno,IT,"(45.72197, 8.81433)"
Solbiate,IT,"(45.78968, 8.93314)"
Orve,FR,"(47.325829, 6.55389)"
Orve,FR,"(47.325619, 6.55343)"
Green Hill,TT,"(10.73333, -61.566669)"
Altamirano,MX,"(20.73333, -101.949997)"
Paranaque City,PH,"(14.48156, 121.017487)"
Dimos Hydra / Ydra (Dimos Ydras),GR,"(37.332211, 23.433479)"
Esquibien,FR,"(48.025002, -4.56278)"
Dongjinwon,KR,"(37.282501, 127.145828)"
Caribou Ferry,CA,"(45.73344, -62.681938)"
Hempur,IN,"(27.633329, 80.583328)"
Svoboda,RU,"(53.433331, 38.666672)"
Seta,JP,"(34.966671, 135.916672)"
Zeze-Awazumachi,JP,"(34.98333, 135.899994)"
Maebara,JP,"(35.099998, 140.100006)"
Chuo,JP,"(35.60778, 140.126663)"
Sakurabashidōri,JP,"(36.700001, 137.216675)"
Motodate,JP,"(38.35944, 140.290283)"
Yakataishi,JP,"(33.521671, 129.925003)"
Nakanosawa,JP,"(42.966671, 141.550003)"
Yanada,JP,"(36.299999, 139.483337)"
Yokohama,JP,"(41.083328, 141.25)"
Cachoeira,BR,"(-25.33333, -49.26667)"
Rumpiškė,LT,"(55.700001, 21.15)"
Rebberg,DE,"(48.036999, 7.8778)"
Siano,IT,"(38.916672, 16.6)"
Mountjoy,IE,"(53.349998, -6.25)"
Vornhagen,DE,"(52.349998, 9.25)"
Riese Pio X,IT,"(45.73333, 11.91667)"
Elverdinge,BE,"(50.884762, 2.8171)"
Killurin,IE,"(52.384998, -6.575)"
Sungaidua,ID,"(-3.3, 116.01667)"
Dimos Aristotelis,GR,"(40.483089, 23.7236)"
Meria,IN,"(22.976669, 88.327782)"
Le Beausset,FR,"(43.19833, 5.80278)"
Plitka Draga,HR,"(44.55444, 15.03694)"
Clenleu,FR,"(50.5233, 1.871)"
Clenleu,FR,"(50.524231, 1.87892)"
Caerano di San Marco,IT,"(45.785198, 12.0028)"
Rogno,IT,"(45.85659, 10.13216)"
Berendrecht,BE,"(51.342522, 4.31419)"
Hovila,FI,"(63.555431, 29.120159)"
Zimbabwe,ZW,"(-20.26667, 30.91667)"
Hacienda Rumipamba,EC,"(-0.18333, -78.5)"
Pavão-Pavaozinho,BR,"(-22.980141, -43.196621)"
Consolação,BR,"(-23.548491, -46.657909)"
La Julia,MX,"(32.48333, -117.066673)"
Colonia Herrera,MX,"(32.51667, -117.066673)"
Tilty,GB,"(51.914101, 0.31878)"
Harbourfront,CA,"(43.638779, -79.383003)"
Nelsons Hill,AU,"(-37.799999, 145.25)"
Kur’ya,RU,"(51.599998, 82.316673)"
Bascobampo,MX,"(26.98333, -109.650002)"
Yamenkou,CN,"(39.882778, 116.200279)"
Khetwādi,IN,"(18.959909, 72.822372)"
Valenzuela,PH,"(14.5701, 121.025398)"
Busnago,IT,"(45.616482, 9.46375)"
Assago,IT,"(45.408871, 9.12565)"
San Teodoro,IT,"(40.77037, 9.67344)"
Sestière di Santa Croce,IT,"(45.439659, 12.31842)"
Pantigliate,IT,"(45.436771, 9.35355)"
Curno,IT,"(45.68898, 9.60705)"
Caponago,IT,"(45.566479, 9.37585)"
Carugate,IT,"(45.54977, 9.34375)"
Marcon,IT,"(45.5606, 12.29832)"
Baranzate,IT,"(45.527168, 9.11724)"
Berlin,DE,"(54.033329, 10.45)"
Ban Nong Yao,TH,"(14.88333, 100.466667)"
Al Amān,AE,"(24.432261, 54.423531)"
Panpo’bon-dong,KR,"(37.506329, 126.987297)"
Colwall,GB,"(52.076328, -2.37469)"
Colwall,GB,"(52.078709, -2.38182)"
Gangxia,CN,"(22.540331, 114.061363)"
Qingyu,CN,"(32.21571, 107.178787)"
Timurnī,IN,"(22.366671, 77.216667)"
Livo,IT,"(46.168491, 9.30414)"
Valverde,PT,"(36.950001, -25.133329)"
Wisznia Mała,PL,"(51.225399, 17.030199)"
Krzyżanowice,PL,"(51.175251, 17.050739)"
Väänikvere,EE,"(58.513611, 26.398331)"
El Hoyito,DO,"(19.416969, -69.966011)"
Wanne-Eickel,DE,"(51.533329, 7.16667)"
Eickelerbruch,DE,"(51.51667, 7.16667)"
Krivaja,HR,"(45.716671, 16.799999)"
New Hunstanton,GB,"(52.936531, 0.49211)"
Pimpfing,AT,"(48.34267, 13.55352)"
Kirovskoye,UA,"(48.148251, 38.363239)"
Dongbuzi,TW,"(25.00996, 121.306458)"
Guomin,TW,"(24, 121.616669)"
Huiyaozi,TW,"(22.76885, 121.12825)"
Svyatohirs’k,UA,"(49.0382, 37.567081)"
Kirovs’ke,UA,"(45.54504, 33.077702)"
Colonia Roma,MX,"(19.41819, -99.163048)"
Ebenhaezer,ZA,"(-28.383329, 28.283331)"
Fort,NL,"(52.651669, 6.38611)"
Estaca,BR,"(-20.299999, -54.533329)"
Benzhausen,DE,"(48.049999, 7.81667)"
Dedemsvaart,NL,"(52.599998, 6.45833)"
Hazlet,CA,"(50.400082, -108.60141)"
Holsterhausen,DE,"(51.533329, 7.18333)"
Eickel,DE,"(51.51667, 7.18333)"
Wanne,BE,"(50.355, 5.92083)"
Lytham,GB,"(53.73695, -2.96293)"
Bristol,CA,"(45.533409, -76.466103)"
Somapah Serangoon,SG,"(1.36667, 103.883331)"
Woodthorpe,GB,"(52.988991, -1.12867)"
Autreville-sur-la-Renne,FR,"(48.117222, 4.97917)"
Saint-Martin-sur-la-Renne,FR,"(48.145119, 4.95387)"
Dovol’noye,RU,"(54.496498, 79.667267)"
Ḩamāmak,AF,"(31.705509, 61.87384)"
Perkampungan Kertih Lima,MY,"(4.5777, 103.321899)"
Pieve Tesino,IT,"(46.068211, 11.61029)"
Malga Quarazza,IT,"(46.116669, 11.6)"
Velžys,LT,"(55.700001, 24.433331)"
Občina Naklo,SI,"(46.29361, 14.28667)"
Spodnja Besnica,SI,"(46.26667, 14.31667)"
La Guamita,DO,"(18.92034, -70.684601)"
Marieberg,SE,"(59.333328, 18.01667)"
Manakau,NZ,"(-40.716671, 175.216675)"
Binalong Bay,AU,"(-41.251141, 148.311646)"
Ejido Pantanito,MX,"(30.6, -111.050003)"
Aznapuquio,PE,"(-11.98333, -77.066673)"
Naranjal,PE,"(-11.97278, -77.062218)"
Casalbore,IT,"(41.233921, 15.00674)"
Satara Division,IN,"(18.51787, 73.859283)"
Solnechnaya,RU,"(49.237499, 131.732803)"
Cantareira,BR,"(-23.466669, -46.633331)"
Freguesia do O,BR,"(-23.49877, -46.699829)"
Les Pâquis,CH,"(46.210491, 6.14676)"
Määltse,EE,"(58.852779, 22.76)"
Ristivälja,EE,"(58.850559, 22.771391)"
La Merced,CO,"(4.6213, -74.069221)"
Biria Mādhogarh,IN,"(26.260201, 79.191002)"
Erqiao,TW,"(22.549999, 120.366669)"
Looe,GB,"(50.352951, -4.46111)"
Four Paths,JM,"(17.96953, -77.291687)"
Tiergarten,DE,"(52.51667, 13.36667)"
Kobrino,RU,"(59.424721, 30.11417)"
Prądnik Czerwony,PL,"(50.092468, 19.97604)"
Śródmieście,PL,"(50.061779, 19.939581)"
Tūsāsān,IR,"(36.919189, 50.661572)"
Kerbonne,FR,"(48.383282, -4.5012)"
Kéroriou,FR,"(48.383331, -4.48333)"
Etten-Leur,NL,"(51.57056, 4.63726)"
Kolonaki,GR,"(37.978661, 23.74103)"
Cavaso del Tomba,IT,"(45.860699, 11.8984)"
Asolo,IT,"(45.792301, 11.9117)"
Castelseprio,IT,"(45.715969, 8.86264)"
Oppido Lucano,IT,"(40.761822, 15.98667)"
Filiano,IT,"(40.810719, 15.70616)"
Frusci,IT,"(40.783329, 15.73333)"
Vatra Veche,RO,"(45.26667, 27.966669)"
Zhigaozhuang,TW,"(24.154539, 120.61602)"
Muḩāfaz̧at Raymah,YE,"(14.63333, 43.666672)"
As Salafiyah,YE,"(14.6866, 43.821602)"
Al Ḩabīt,YE,"(14.75, 43.799999)"
Neustadt,DE,"(52.400002, 12.56667)"
Mabiga,PH,"(15.1917, 120.585098)"
Dubí,CZ,"(49.533878, 15.41857)"
Wŏnsŏngil-tong,KR,"(36.809792, 127.161346)"
Potok,UA,"(49.512241, 25.03334)"
Mironovka,RU,"(54.499802, 44.214001)"
Petroman,RO,"(45.533329, 21.116671)"
Hjallese,DK,"(55.348289, 10.38499)"
Årslev,DK,"(55.026772, 9.3485)"
Pederstrup,DK,"(55.285309, 10.48753)"
Lombjerg,DK,"(55.229301, 10.48705)"
Findinge,DK,"(55.21748, 10.4216)"
Kværndrup,DK,"(55.177521, 10.52549)"
Stenstrup,DK,"(55.133518, 10.50474)"
Borup,DK,"(56.922081, 9.50689)"
Middeldijk,NL,"(51.849998, 4.51667)"
Understed,DK,"(57.383331, 10.51667)"
Skodsborg,DK,"(55.822498, 12.57324)"
Smidstrup,DK,"(55.865688, 12.55787)"
Rastnik,BG,"(41.400002, 25.283331)"
Rastnik,BG,"(41.400002, 25.283331)"
Murava,LT,"(54.916672, 23.966669)"
